episode,avg_reward,avg_found_sources
10,5.651088,0.7000
20,10.516171,1.1000
30,5.084564,0.7000
40,6.449015,0.8000
50,13.491183,1.1000
60,18.661649,1.3000
70,13.700414,1.0000
80,15.389733,1.1000
90,26.017940,2.2000
100,17.303194,1.6000
110,35.739657,2.3000
120,19.470892,1.9000
130,38.825873,2.9000
140,26.238367,2.2000
150,18.872984,1.6000
160,16.414820,1.4000
170,19.754513,1.4000
180,17.489835,1.8000
190,44.381375,3.1000
200,25.497750,1.8000
210,19.009228,1.9000
220,21.969860,1.8000
230,23.256659,1.9000
240,6.629363,1.0000
250,18.908047,1.6000
260,21.383622,2.0000
270,23.521524,2.1000
280,17.060959,1.9000
290,21.699315,2.2000
300,20.917832,1.8000
310,29.493374,2.4000
320,31.473237,2.7000
330,39.341845,2.8000
340,38.204942,3.0000
350,35.564909,2.5000
360,25.124295,2.3000
370,33.055951,2.7000
380,34.661486,2.8000
390,31.666683,2.6000
400,31.655275,2.6000
410,29.157250,2.6000
420,26.500631,2.4000
430,30.036802,2.4000
440,28.537274,2.3000
450,30.626400,2.7000
460,31.033704,2.5000
470,40.629047,2.9000
480,31.021793,2.8000
490,25.576455,2.3000
500,40.431184,3.0000
510,15.022528,1.6000
520,23.277100,2.4000
530,32.186995,2.6000
540,26.503998,2.4000
550,39.175455,2.8000
560,47.543801,3.3000
570,40.423459,2.9000
580,35.533256,2.7000
590,53.631402,3.5000
600,40.666617,2.9000
610,26.441478,2.3000
620,26.714635,2.4000
630,34.436959,2.5000
640,26.337183,2.3000
650,20.784847,2.1000
660,17.978378,1.7000
670,18.877930,2.1000
680,16.765769,1.8000
690,14.755304,1.4000
700,28.158967,2.5000
710,32.503758,2.7000
720,20.216323,2.0000
730,39.977623,2.9000
740,44.055744,2.9000
750,22.993126,2.3000
760,15.779118,1.7000
770,38.479753,2.8000
780,24.647477,2.2000
790,35.641964,2.9000
800,26.846070,2.4000
810,31.827866,2.4000
820,26.919729,2.4000
830,36.463373,2.6000
840,47.910303,3.0000
850,41.573031,3.0000
860,39.337450,2.8000
870,28.260636,2.4000
880,32.090559,2.7000
890,18.061532,2.0000
900,37.256130,2.5000
910,25.298122,2.2000
920,21.016217,1.8000
930,25.384486,2.1000
940,27.837598,2.5000
950,43.162827,3.0000
960,46.370948,3.2000
970,48.104867,3.2000
980,36.808121,3.0000
990,40.916682,3.0000
1000,38.753258,2.9000
1010,38.018293,3.1000
1020,36.624962,2.9000
1030,43.502432,3.0000
1040,37.188874,2.8000
1050,42.832120,3.2000
1060,36.605655,2.9000
1070,52.857645,3.3000
1080,51.827010,3.4000
1090,44.723284,3.1000
1100,43.221884,2.9000
1110,31.794362,2.6000
1120,49.954309,3.3000
1130,27.048862,2.2000
1140,42.611531,3.1000
1150,41.491333,3.1000
1160,42.390791,3.0000
1170,35.297734,2.8000
1180,38.435463,2.7000
1190,34.972463,2.6000
1200,30.031004,2.5000
1210,33.869397,2.5000
1220,34.542556,2.6000
1230,52.237962,3.1000
1240,46.044702,3.2000
1250,27.260620,2.2000
1260,35.123467,2.7000
1270,39.386006,2.9000
1280,44.572062,3.1000
1290,37.369150,2.3000
1300,26.522461,2.0000
1310,47.826496,3.2000
1320,62.043392,3.6000
1330,42.238848,3.0000
1340,48.231925,3.2000
1350,45.079390,3.0000
1360,32.725331,2.9000
1370,34.975050,2.8000
1380,42.195747,3.1000
1390,42.391724,3.1000
1400,28.948312,2.3000
1410,35.956170,2.8000
1420,27.914138,2.3000
1430,27.111085,2.6000
1440,48.168251,3.0000
1450,41.599134,3.2000
1460,38.973690,2.9000
1470,24.237025,2.3000
1480,30.723017,2.7000
1490,29.036144,2.5000
1500,36.361501,2.7000
1510,33.156654,2.7000
1520,56.134376,3.4000
1530,31.969554,2.5000
1540,31.685208,2.5000
1550,26.764125,2.2000
1560,41.416865,2.7000
1570,34.295026,2.7000
1580,36.870263,2.8000
1590,32.333827,2.4000
1600,29.309122,2.4000
1610,23.937187,1.9000
1620,41.118696,2.8000
1630,31.589783,2.5000
1640,39.842830,2.8000
1650,34.386190,2.6000
1660,32.854849,2.5000
1670,42.780849,3.0000
1680,45.254854,3.2000
1690,42.837578,3.0000
1700,24.776941,2.3000
1710,32.170200,2.6000
1720,43.109113,2.9000
1730,41.046601,2.9000
1740,46.350903,3.1000
1750,28.024846,2.3000
1760,41.900372,3.0000
1770,35.988584,2.7000
1780,40.305478,3.0000
1790,41.931713,3.0000
1800,47.845768,2.9000
1810,36.221137,2.7000
1820,26.026620,2.2000
1830,40.373015,2.9000
1840,38.649460,2.9000
1850,54.057249,3.2000
1860,35.608748,2.6000
1870,40.467803,2.9000
1880,41.117871,3.0000
1890,27.631368,2.2000
1900,35.537060,2.9000
1910,30.762927,2.3000
1920,31.228228,2.6000
1930,33.596976,2.5000
1940,38.941542,2.9000
1950,44.256535,3.0000
1960,41.478148,3.0000
1970,45.667254,3.0000
1980,27.322105,2.5000
1990,31.660018,2.7000
2000,37.220639,3.0000
2010,39.609943,2.7000
2020,49.844645,3.0000
2030,30.150464,2.4000
2040,42.057651,2.9000
2050,48.036406,3.0000
2060,55.960034,3.4000
2070,43.108193,2.9000
2080,23.869214,2.1000
2090,31.826916,2.5000
2100,20.692642,1.6000
2110,26.356841,2.0000
2120,50.080077,3.2000
2130,31.005868,2.4000
2140,44.714540,2.5000
2150,38.740461,3.0000
2160,29.392886,2.5000
2170,41.163109,3.1000
2180,39.376513,2.8000
2190,36.099019,2.5000
2200,49.061871,3.2000
2210,42.303580,2.9000
2220,35.425980,2.7000
2230,44.539350,3.1000
2240,37.555564,2.8000
2250,46.252994,3.1000
2260,36.864899,2.8000
2270,27.136809,2.4000
2280,40.314036,2.9000
2290,26.629230,2.5000
2300,48.010341,3.3000
2310,44.400689,3.0000
2320,37.672626,2.7000
2330,34.914075,2.6000
2340,36.852816,2.7000
2350,48.623205,3.0000
2360,40.044441,3.0000
2370,29.326935,2.3000
2380,25.592921,2.3000
2390,36.442908,2.8000
2400,37.535177,2.8000
2410,34.968540,2.8000
2420,44.503207,3.1000
2430,33.826026,2.7000
2440,35.164450,2.8000
2450,45.910275,3.0000
2460,39.767442,2.8000
2470,41.269721,2.9000
2480,32.648604,2.8000
2490,54.376415,3.4000
2500,39.887506,3.0000
2510,44.758482,3.0000
2520,45.855031,3.0000
2530,39.058180,2.7000
2540,46.687051,3.3000
2550,35.937669,2.7000
2560,34.060294,2.6000
2570,39.440271,2.6000
2580,43.975682,2.9000
2590,43.363386,3.1000
2600,44.774346,3.2000
2610,53.764137,3.3000
2620,61.904999,3.6000
2630,52.820111,3.4000
2640,51.885935,3.3000
2650,43.336742,3.1000
2660,42.467772,2.9000
2670,52.733111,3.5000
2680,30.300251,2.4000
2690,40.446213,3.0000
2700,39.302553,2.9000
2710,40.250017,3.1000
2720,42.167629,3.0000
2730,37.772996,3.0000
2740,42.342193,3.1000
2750,55.116867,3.4000
2760,49.135786,3.3000
2770,31.434417,2.7000
2780,33.487010,2.6000
2790,22.551643,2.1000
2800,36.623737,2.8000
2810,29.197472,2.7000
2820,31.710618,2.5000
2830,21.960117,1.9000
2840,37.119101,2.8000
2850,42.964627,3.0000
2860,26.365824,2.2000
2870,39.293001,2.8000
2880,45.933454,3.2000
2890,29.371370,2.4000
2900,35.685715,2.8000
2910,48.190742,3.2000
2920,35.315667,2.6000
2930,19.091311,1.8000
2940,30.831740,2.4000
2950,20.462638,2.0000
2960,20.185889,2.1000
2970,31.217777,2.4000
2980,33.511325,2.6000
2990,33.945477,2.6000
3000,40.892933,2.9000
3010,40.056843,2.6000
3020,45.935014,2.9000
3030,36.709400,2.8000
3040,31.493189,2.7000
3050,37.984486,2.9000
3060,31.493077,2.7000
3070,36.053329,2.7000
3080,35.774956,2.7000
3090,30.348420,2.5000
3100,31.033195,2.5000
3110,28.583785,2.5000
3120,32.353589,2.8000
3130,37.545262,2.8000
3140,23.295845,2.1000
3150,27.137919,2.5000
3160,37.501116,2.7000
3170,38.899766,2.7000
3180,41.853211,3.0000
3190,35.025751,2.6000
3200,46.075482,3.1000
3210,41.880033,2.9000
3220,48.205064,3.2000
3230,42.705395,3.0000
3240,45.131002,3.1000
3250,42.709502,2.8000
3260,44.429596,2.9000
3270,43.374250,3.0000
3280,51.153390,3.3000
3290,24.409733,2.2000
3300,29.443786,2.4000
3310,40.299512,2.6000
3320,47.799444,3.0000
3330,32.457595,2.7000
3340,36.194990,2.9000
3350,35.463420,2.5000
3360,30.283204,2.6000
3370,30.096170,2.5000
3380,36.363790,2.6000
3390,51.022458,3.3000
3400,36.559313,2.8000
3410,47.620936,3.1000
3420,37.613544,2.8000
3430,59.295464,3.6000
3440,47.702341,3.0000
3450,50.751705,3.1000
3460,51.490043,3.3000
3470,44.459623,3.2000
3480,57.835317,3.6000
3490,48.496417,3.1000
3500,50.630777,3.2000
3510,29.457846,2.3000
3520,38.322735,2.8000
3530,36.840936,2.6000
3540,42.827102,3.0000
3550,49.703344,3.3000
3560,42.051847,2.9000
3570,48.702176,3.2000
3580,40.619263,2.8000
3590,58.005691,3.4000
3600,45.781408,3.1000
3610,62.212264,3.7000
3620,51.466412,3.3000
3630,44.829723,3.2000
3640,47.404174,3.2000
3650,39.533896,3.0000
3660,28.921533,2.6000
3670,57.784493,3.5000
3680,35.511563,2.7000
3690,48.637827,3.3000
3700,35.181666,2.8000
3710,42.642436,3.0000
3720,35.852988,2.7000
3730,41.617948,2.9000
3740,32.364530,2.5000
3750,57.846241,3.6000
3760,44.438274,3.0000
3770,40.334732,2.9000
3780,41.281420,2.9000
3790,44.084874,2.9000
3800,33.143748,3.0000
3810,33.764393,2.6000
3820,54.682896,3.2000
3830,39.687245,2.8000
3840,43.263654,3.0000
3850,20.156435,2.1000
3860,25.412353,2.2000
3870,25.350335,2.4000
3880,30.907465,2.6000
3890,35.900123,2.9000
3900,42.770771,2.8000
3910,31.537036,2.2000
3920,37.340563,2.8000
3930,33.818821,2.3000
3940,23.808538,2.0000
3950,34.510897,2.5000
3960,47.871441,3.2000
3970,30.540930,2.5000
3980,44.440175,3.1000
3990,41.161320,2.8000
4000,47.451757,3.1000
4010,34.684842,2.9000
4020,34.339929,2.6000
4030,23.743391,2.0000
4040,37.712511,2.8000
4050,34.897457,2.5000
4060,36.785657,2.7000
4070,45.761189,3.1000
4080,40.853002,2.9000
4090,34.469954,2.7000
4100,31.927095,2.4000
4110,47.883738,3.1000
4120,35.854964,2.5000
4130,28.908387,2.3000
4140,38.299779,2.9000
4150,36.798806,2.9000
4160,22.511679,2.1000
4170,23.748924,2.0000
4180,36.970209,2.7000
4190,35.072121,2.6000
4200,28.779083,2.4000
4210,40.001164,2.8000
4220,30.034048,2.7000
4230,32.053349,2.7000
4240,44.452919,3.1000
4250,28.638207,2.6000
4260,41.121832,2.9000
4270,44.970630,3.1000
4280,35.602788,2.6000
4290,35.157996,2.8000
4300,50.073974,3.1000
4310,41.492893,2.6000
4320,57.277242,3.5000
4330,51.733233,3.2000
4340,43.456831,2.9000
4350,35.359117,2.8000
4360,41.901655,3.1000
4370,27.926488,2.6000
4380,41.510223,2.9000
4390,41.038980,3.0000
4400,41.737644,2.8000
4410,36.845876,3.0000
4420,35.764772,2.9000
4430,38.464731,2.6000
4440,43.555192,3.0000
4450,32.376317,2.4000
4460,40.338255,2.6000
4470,36.839390,2.8000
4480,37.607887,2.8000
4490,39.320328,2.8000
4500,39.264178,3.0000
4510,39.765535,3.1000
4520,49.079036,3.3000
4530,33.332746,2.8000
4540,56.006830,3.4000
4550,52.782864,3.4000
4560,29.535532,2.6000
4570,62.803502,3.6000
4580,52.972528,3.3000
4590,40.889707,2.9000
4600,46.721183,3.1000
4610,43.033574,3.0000
4620,31.225181,2.8000
4630,36.842484,2.8000
4640,35.721079,2.8000
4650,42.937533,2.8000
4660,33.665950,2.9000
4670,44.492611,3.0000
4680,32.290671,2.8000
4690,31.684137,2.8000
4700,48.911349,3.2000
4710,45.786621,3.0000
4720,51.214089,3.3000
4730,43.469799,3.1000
4740,49.626682,3.3000
4750,57.520392,3.5000
4760,44.883839,3.1000
4770,47.847562,3.1000
4780,29.648942,2.5000
4790,42.281193,3.0000
4800,35.371094,2.5000
4810,27.926464,2.7000
4820,33.495460,2.6000
4830,35.123329,2.7000
4840,23.037987,2.1000
4850,35.953481,2.8000
4860,34.649317,2.9000
4870,38.618965,3.1000
4880,36.159327,2.8000
4890,22.235354,2.3000
4900,51.817301,3.1000
4910,44.812283,3.1000
4920,59.156335,3.5000
4930,46.579965,3.2000
4940,39.462121,2.9000
4950,39.628926,2.9000
4960,38.939718,2.9000
4970,43.322276,3.1000
4980,26.464826,2.4000
4990,39.413265,2.8000
5000,27.740301,2.2000
