episode,avg_reward,avg_found_sources,avg_found_ratio
10,20.720796,1.4000,0.359167
20,23.898374,1.9000,0.534286
30,-39.680788,1.1000,0.195833
40,27.469090,2.1000,0.477262
50,-2.056412,2.4000,0.453095
60,20.548865,2.9000,0.633333
70,44.318851,2.8000,0.670595
80,-8.052913,1.1000,0.278333
90,-15.661980,1.5000,0.319167
100,12.734922,2.0000,0.415238
10,4.587145,1.4000,0.422500
20,20.724186,1.6000,0.380000
30,-19.337197,2.2000,0.338810
40,-5.072943,2.4000,0.354167
50,-3.198769,3.9000,0.682738
60,29.823771,2.9000,0.692857
70,69.234715,3.5000,0.801667
80,49.707454,2.3000,0.783333
90,74.890673,2.3000,0.810000
100,17.261354,2.8000,0.616905
110,21.586558,2.1000,0.476190
120,0.702595,1.7000,0.340000
130,-1.466239,2.0000,0.342262
140,15.336604,2.3000,0.442976
150,38.614146,2.9000,0.593095
160,10.252677,1.6000,0.440476
170,53.380061,3.5000,0.654762
180,75.839803,3.4000,0.827500
190,-7.585958,3.4000,0.646310
200,48.336477,4.5000,0.769048
210,15.022926,3.7000,0.673095
220,67.453028,3.9000,0.860833
230,32.634081,4.0000,0.779167
240,101.505199,3.7000,0.941667
250,45.167078,3.7000,0.810833
260,16.602624,2.7000,0.578452
270,70.001349,4.2000,0.875000
280,102.707653,5.6000,0.955000
290,116.594311,3.8000,0.987500
300,65.905157,3.8000,0.796429
310,60.990890,3.4000,0.798333
320,-23.080462,2.9000,0.637976
330,54.961555,3.9000,0.809167
340,74.137234,2.5000,0.875000
350,82.306385,5.1000,0.865714
360,74.213276,5.4000,0.919048
370,90.915805,3.8000,0.843333
380,86.968634,4.5000,0.920833
390,58.005928,3.9000,0.805000
400,110.636995,4.9000,0.954762
410,92.480832,4.2000,0.860000
420,27.247829,3.3000,0.833929
430,106.718942,3.5000,0.960714
440,88.899059,5.3000,0.937500
450,90.213766,4.5000,0.924048
460,92.127374,3.5000,0.887500
470,48.982041,4.9000,0.878810
480,93.180269,3.1000,0.876667
490,61.749258,2.9000,0.814286
500,4.572523,2.7000,0.613571
510,69.195049,3.4000,0.883333
520,96.200758,5.1000,0.937500
530,132.863100,4.8000,1.000000
540,80.283131,4.5000,0.933214
550,53.618104,3.5000,0.821667
560,109.857826,5.4000,0.932143
570,66.296608,3.8000,0.829167
580,129.529488,5.2000,0.980000
590,74.885127,4.0000,0.920833
600,105.042487,4.6000,0.901429
610,97.370069,4.7000,0.926667
620,23.652204,4.6000,0.821429
630,53.852634,4.7000,0.866310
640,96.763265,5.4000,0.935714
650,85.062440,3.8000,0.915714
660,68.323463,4.7000,0.909167
670,76.954260,4.1000,0.875000
680,82.340812,4.1000,0.900000
690,97.733359,5.5000,0.938095
700,90.630394,2.8000,0.950000
710,61.341568,4.5000,0.859167
720,53.308746,3.8000,0.905000
730,88.790994,4.4000,0.935714
740,63.455556,4.8000,0.853095
750,101.782740,5.6000,0.940000
760,110.561146,3.9000,0.950000
770,113.825046,5.2000,0.970833
780,112.138200,4.0000,0.965714
790,86.925492,5.4000,0.956548
800,117.528309,5.4000,0.983333
810,101.393379,4.6000,0.958333
820,61.439174,3.7000,0.867500
830,88.786169,5.0000,0.921667
840,78.965679,4.7000,0.920833
850,107.001234,5.2000,0.971429
860,78.923342,4.0000,0.920833
870,93.839569,5.4000,0.954167
880,95.724975,4.0000,0.925000
890,56.048640,4.7000,0.871667
900,49.085493,3.8000,0.855595
910,97.524768,3.4000,0.955000
920,94.823964,3.6000,0.825000
930,87.046980,3.8000,0.846667
940,113.524855,5.1000,0.935714
950,40.027229,4.5000,0.826667
960,75.846816,4.5000,0.930357
970,114.882037,4.9000,0.987500
980,85.871749,4.6000,0.929167
990,65.226373,3.4000,0.859524
1000,4.960011,3.6000,0.798810
1010,63.880168,4.0000,0.907381
1020,113.395969,3.4000,0.966667
1030,90.690568,4.9000,0.945833
1040,126.712641,4.9000,0.980000
1050,83.110816,3.9000,0.893333
1060,55.675594,4.7000,0.886548
1070,52.333735,4.4000,0.803333
1080,55.346898,3.5000,0.854762
1090,47.108237,4.0000,0.743095
1100,107.223511,4.4000,0.875000
1110,68.751917,4.4000,0.924643
1120,80.812352,4.5000,0.927381
1130,96.818706,4.9000,0.960714
1140,83.399697,4.6000,0.871429
1150,43.782221,3.4000,0.891667
1160,96.269094,3.7000,0.966667
1170,89.648541,4.8000,0.933333
1180,94.179930,6.3000,0.929762
1190,121.135327,3.5000,1.000000
1200,109.092407,3.8000,0.900000
1210,96.215354,4.1000,0.908333
1220,100.383419,3.5000,0.963333
1230,76.650332,4.7000,0.967500
1240,106.644468,4.0000,0.950000
1250,75.338067,3.8000,0.958929
1260,91.390777,3.2000,0.855000
1270,95.357493,2.9000,0.904762
1280,63.877963,4.3000,0.878214
1290,81.614017,4.1000,0.872262
1300,99.245112,5.2000,0.958929
1310,81.483410,3.9000,0.946429
1320,76.413065,4.1000,0.893333
1330,129.327443,3.5000,1.000000
1340,82.368352,4.8000,0.952381
1350,91.486204,4.0000,0.947500
1360,82.607655,5.1000,0.886310
1370,113.684594,4.7000,0.921429
1380,38.526471,5.8000,0.840476
1390,120.668684,5.0000,0.975000
1400,122.197742,5.5000,0.880357
1410,90.897278,4.9000,0.937500
1420,33.583166,4.6000,0.838095
1430,96.793294,3.6000,0.880000
1440,77.751611,4.9000,0.898214
1450,96.940668,3.6000,0.987500
1460,83.753133,4.5000,0.930833
1470,113.841680,3.6000,0.985714
1480,102.641085,4.3000,0.962500
1490,85.805169,2.8000,0.850000
1500,94.289977,5.0000,0.927976
1510,105.124716,4.2000,0.983333
1520,110.603535,3.9000,0.983333
1530,118.644777,4.1000,0.980000
1540,95.554516,4.5000,0.925000
1550,92.420626,5.6000,0.951429
1560,102.546793,4.2000,0.975000
1570,108.996155,4.9000,0.970833
1580,79.374541,3.9000,0.915714
1590,68.088571,4.2000,0.944048
1600,76.663516,4.2000,0.863095
1610,86.189938,4.5000,0.883929
1620,108.108634,4.4000,0.987500
1630,95.396645,4.3000,0.965714
1640,95.831489,3.8000,0.966667
1650,46.573605,3.8000,0.846667
1660,79.092792,5.1000,0.944048
1670,57.110958,5.4000,0.871071
1680,45.887283,3.3000,0.793333
1690,27.077888,3.1000,0.798333
1700,38.394177,3.1000,0.770000
1710,54.124405,4.4000,0.876429
1720,69.207436,4.9000,0.867262
1730,101.927990,4.0000,0.935714
1740,47.703478,4.2000,0.823214
1750,56.072914,4.8000,0.815714
1760,63.070273,4.0000,0.875000
1770,65.386447,4.3000,0.871667
1780,90.360432,4.3000,0.869048
1790,108.022873,4.3000,0.913333
1800,65.498765,3.2000,0.838333
1810,62.176834,3.5000,0.725000
1820,76.806998,3.8000,0.874048
1830,42.925738,5.0000,0.920833
1840,85.587917,3.6000,0.904762
1850,114.590488,5.3000,0.935714
1860,111.265471,4.3000,0.937500
1870,135.144817,3.5000,1.000000
1880,91.804803,3.5000,0.933333
1890,113.472626,3.7000,0.962500
1900,49.110994,4.5000,0.921667
1910,123.926228,5.4000,0.966667
1920,122.702486,5.7000,0.987500
1930,96.645261,4.4000,0.956548
1940,60.178151,4.2000,0.891667
1950,87.370967,4.0000,0.906667
1960,71.883569,4.7000,0.966667
1970,71.542656,3.7000,0.941667
1980,117.372823,4.5000,0.973214
1990,114.953001,4.2000,0.937500
2000,97.913368,5.0000,0.969048
2010,96.467552,4.8000,0.935714
2020,131.678551,5.1000,1.000000
2030,126.893164,4.3000,0.966667
2040,61.611165,3.9000,0.879167
2050,51.987716,3.9000,0.834643
2060,3.496309,3.7000,0.743690
2070,29.698592,4.9000,0.800833
2080,57.403703,3.2000,0.841429
2090,92.813335,4.8000,0.915476
2100,4.416789,3.5000,0.628095
2110,93.151258,3.5000,0.850000
2120,73.752446,4.5000,0.885714
2130,82.243877,3.8000,0.921667
2140,78.260187,3.8000,0.895714
2150,53.218873,4.0000,0.874048
2160,100.936043,4.5000,0.960000
2170,62.120551,4.7000,0.875000
2180,92.128525,3.3000,0.931429
2190,81.357631,3.8000,0.893929
2200,97.080259,5.4000,0.946667
2210,78.366315,3.5000,0.903214
2220,87.939879,3.1000,0.869048
2230,71.762953,4.5000,0.903214
2240,126.050684,4.0000,0.966667
2250,34.674012,4.2000,0.878214
2260,80.809373,4.8000,0.936548
2270,117.307733,3.2000,0.960000
2280,72.799436,3.7000,0.939881
2290,75.295237,4.0000,0.937500
2300,102.918712,3.6000,0.966667
2310,92.879760,3.3000,0.937143
2320,67.540757,3.3000,0.870476
2330,38.687035,3.3000,0.735714
2340,49.453081,4.5000,0.850714
2350,120.586396,3.5000,0.966667
2360,94.950339,4.2000,0.937500
2370,108.615638,4.8000,0.919048
2380,87.452620,4.1000,0.891667
2390,95.221063,3.7000,0.932381
2400,102.517664,4.9000,0.963333
2410,117.766502,3.8000,1.000000
2420,112.703649,3.9000,1.000000
2430,119.296407,3.6000,0.983333
2440,107.889641,3.8000,0.975000
2450,121.347034,4.6000,0.975000
2460,95.510641,4.3000,0.946667
2470,115.166628,3.6000,0.980000
2480,130.372855,4.7000,0.971429
2490,93.253808,5.7000,0.919048
2500,68.698132,3.1000,0.888333
2510,112.105406,5.0000,0.952381
2520,129.762871,4.8000,1.000000
2530,80.083332,4.7000,0.940476
2540,101.043633,3.7000,0.925000
2550,106.803704,3.1000,0.975000
2560,93.294732,4.3000,0.940476
2570,110.667244,5.3000,0.975000
2580,129.045871,5.1000,1.000000
2590,90.732460,4.2000,0.940714
2600,94.647005,4.8000,0.917500
2610,77.544319,4.2000,0.860714
2620,97.145880,4.3000,0.933333
2630,113.444830,3.6000,0.980000
2640,88.536338,4.8000,0.937500
2650,84.835332,5.0000,0.956548
2660,109.656940,3.4000,0.983333
2670,81.324205,3.5000,0.966667
2680,50.433028,4.6000,0.814881
2690,70.076498,4.1000,0.821429
2700,116.119281,5.1000,0.975000
2710,80.724994,4.1000,0.962500
2720,50.878021,4.6000,0.875000
2730,77.236634,2.6000,0.937500
2740,69.778083,4.0000,0.933333
2750,102.021314,3.7000,0.862500
2760,84.146363,4.6000,0.887500
2770,107.286100,4.1000,0.983333
2780,97.217181,5.3000,0.962500
2790,62.855543,4.1000,0.869762
2800,60.301679,4.3000,0.875000
2810,81.497794,3.8000,0.916667
2820,63.946701,3.8000,0.931548
2830,128.330049,4.3000,1.000000
2840,66.471984,3.5000,0.916548
2850,48.863851,3.7000,0.833333
2860,86.976162,3.8000,0.929048
2870,59.329525,3.2000,0.869881
2880,88.419090,2.7000,0.954167
2890,39.031127,4.2000,0.798214
2900,72.827930,2.6000,0.913333
2910,109.885545,3.7000,0.966667
2920,79.682415,4.5000,0.919048
2930,43.451100,3.9000,0.866667
2940,79.380149,4.1000,0.966667
2950,28.217361,4.0000,0.812500
2960,119.853621,5.2000,0.987500
2970,91.696625,5.4000,0.915714
2980,47.510724,4.4000,0.849167
2990,42.789599,4.0000,0.894048
3000,72.708417,3.9000,0.914881
